language	translation_a	translation_b	U	p_raw	p_bonferroni
eng	berean-literal-bible	disciples-literal-new-testament	26142.0	3.915142046867046e-6	0.0009396340912480911
eng	berean-literal-bible	literal-standard-version	16887.0	2.7521157251301955e-23	6.605077740312469e-21
eng	berean-literal-bible	eng-new-world-translation	9657.0	2.1188903620572232e-45	5.085336868937336e-43
eng	berean-literal-bible	english-standard-version	14508.0	1.0259093119258795e-29	2.462182348622111e-27
eng	berean-literal-bible	new-american-standard-bible	18668.0	5.121112868342186e-19	1.2290670884021247e-16
eng	berean-literal-bible	new-revised-standard-version	10848.0	3.145323565403084e-41	7.548776556967401e-39
eng	berean-literal-bible	bible-in-basic-english	5390.0	4.627921556575286e-62	1.1107011735780686e-59
eng	berean-literal-bible	complete-jewish-bible	1037.0	7.992209702400293e-82	1.9181303285760704e-79
eng	berean-literal-bible	easyenglish-bible	868.0	1.1995756430046559e-82	2.878981543211174e-80
eng	berean-literal-bible	first-nations-version	2.0	6.199338595524195e-87	1.4878412629258067e-84
eng	berean-literal-bible	good-news	4075.0	9.77010633133132e-68	2.344825519519517e-65
eng	berean-literal-bible	jb-phillips-new-testament	4932.0	5.219360615697112e-64	1.2526465477673069e-61
eng	berean-literal-bible	new-living-translation	2956.0	9.109362962063659e-73	2.186247110895278e-70
eng	berean-literal-bible	orthodox-jewish-bible	38.0	9.391817310991407e-87	2.2540361546379375e-84
eng	berean-literal-bible	the-message-bible	946.0	2.8819906781333194e-82	6.916777627519967e-80
eng	disciples-literal-new-testament	literal-standard-version	24514.0	2.9790321730599455e-8	7.1496772153438695e-6
eng	disciples-literal-new-testament	eng-new-world-translation	16294.0	8.221149933272033e-25	1.973075983985288e-22
eng	disciples-literal-new-testament	english-standard-version	22771.0	6.074278013354203e-11	1.4578267232050088e-8
eng	disciples-literal-new-testament	new-american-standard-bible	27196.0	0.00005797363180149127	0.013913671632357905
eng	disciples-literal-new-testament	new-revised-standard-version	18168.0	3.610408321748935e-20	8.664979972197444e-18
eng	disciples-literal-new-testament	bible-in-basic-english	10044.0	5.064131052880683e-44	1.215391452691364e-41
eng	disciples-literal-new-testament	complete-jewish-bible	2648.0	3.4871510831480952e-74	8.369162599555429e-72
eng	disciples-literal-new-testament	easyenglish-bible	2704.0	6.326321096771342e-74	1.518317063225122e-71
eng	disciples-literal-new-testament	first-nations-version	41.0	9.722427013315656e-87	2.333382483195757e-84
eng	disciples-literal-new-testament	good-news	8517.0	1.372585844780832e-49	3.294206027473997e-47
eng	disciples-literal-new-testament	jb-phillips-new-testament	9231.0	6.071622767538321e-47	1.457189464209197e-44
eng	disciples-literal-new-testament	new-living-translation	6974.0	1.4565921752640684e-55	3.4958212206337644e-53
eng	disciples-literal-new-testament	orthodox-jewish-bible	230.0	8.544274754162896e-86	2.050625940999095e-83
eng	disciples-literal-new-testament	the-message-bible	2594.0	1.961510837907694e-74	4.707626010978465e-72
eng	literal-standard-version	eng-new-world-translation	24461.0	2.504482630202396e-8	6.010758312485751e-6
eng	literal-standard-version	english-standard-version	32416.0	0.20967047353162577	1.0
eng	literal-standard-version	new-american-standard-bible	37248.0	0.9779389959925938	1.0
eng	literal-standard-version	new-revised-standard-version	27156.0	0.0000526834249041627	0.012644021976999048
eng	literal-standard-version	bible-in-basic-english	15769.0	3.3266732053708395e-26	7.984015692890016e-24
eng	literal-standard-version	complete-jewish-bible	4801.0	1.4282872550224582e-64	3.4278894120538997e-62
eng	literal-standard-version	easyenglish-bible	5052.0	1.7019237734903506e-63	4.0846170563768416e-61
eng	literal-standard-version	first-nations-version	108.0	2.1037210317589857e-86	5.048930476221565e-84
eng	literal-standard-version	good-news	13802.0	8.780000544311982e-32	2.1072001306348757e-29
eng	literal-standard-version	jb-phillips-new-testament	14529.0	1.1789327347614567e-29	2.829438563427496e-27
eng	literal-standard-version	new-living-translation	11883.0	8.980084291587718e-38	2.1552202299810522e-35
eng	literal-standard-version	orthodox-jewish-bible	516.0	2.23865012607224e-84	5.372760302573376e-82
eng	literal-standard-version	the-message-bible	4750.0	8.61043614726102e-65	2.0665046753426447e-62
eng	eng-new-world-translation	english-standard-version	42674.0	0.9999998891460243	1.0
eng	eng-new-world-translation	new-american-standard-bible	47201.0	0.9999999999999974	1.0
eng	eng-new-world-translation	new-revised-standard-version	37168.0	0.9753641448231656	1.0
eng	eng-new-world-translation	bible-in-basic-english	23225.0	3.3617859371803013e-10	8.068286249232723e-8
eng	eng-new-world-translation	complete-jewish-bible	8205.0	9.074650026156329e-51	2.1779160062775188e-48
eng	eng-new-world-translation	easyenglish-bible	9022.0	1.0390033204754045e-47	2.4936079691409707e-45
eng	eng-new-world-translation	first-nations-version	394.0	5.577619965202585e-85	1.3386287916486204e-82
eng	eng-new-world-translation	good-news	21133.0	7.146127409058125e-14	1.71507057817395e-11
eng	eng-new-world-translation	jb-phillips-new-testament	21363.0	1.9450501980794517e-13	4.668120475390684e-11
eng	eng-new-world-translation	new-living-translation	19055.0	3.765027556796197e-18	9.036066136310872e-16
eng	eng-new-world-translation	orthodox-jewish-bible	1236.0	7.363947326471708e-81	1.76734735835321e-78
eng	eng-new-world-translation	the-message-bible	8091.0	3.335837038640158e-51	8.00600889273638e-49
eng	english-standard-version	new-american-standard-bible	39246.0	0.9992615532661495	1.0
eng	english-standard-version	new-revised-standard-version	27796.0	0.00022889320872245333	0.0549343700933888
eng	english-standard-version	bible-in-basic-english	15475.0	5.3004497930103985e-27	1.2721079503224957e-24
eng	english-standard-version	complete-jewish-bible	4366.0	1.8527455577190358e-66	4.446589338525686e-64
eng	english-standard-version	easyenglish-bible	4388.0	2.311640188873059e-66	5.547936453295342e-64
eng	english-standard-version	first-nations-version	57.0	1.1691921365908226e-86	2.8060611278179742e-84
eng	english-standard-version	good-news	13346.0	3.707772202879584e-33	8.898653286911001e-31
eng	english-standard-version	jb-phillips-new-testament	14311.0	2.7639675764021745e-30	6.633522183365219e-28
eng	english-standard-version	new-living-translation	11308.0	1.129674869315251e-39	2.7112196863566024e-37
eng	english-standard-version	orthodox-jewish-bible	358.0	3.69773856518702e-85	8.874572556448848e-83
eng	english-standard-version	the-message-bible	4308.0	1.0330166735880709e-66	2.4792400166113702e-64
eng	new-american-standard-bible	new-revised-standard-version	22795.0	6.660749613145497e-11	1.598579907154919e-8
eng	new-american-standard-bible	bible-in-basic-english	12285.0	1.7904778053209366e-36	4.297146732770248e-34
eng	new-american-standard-bible	complete-jewish-bible	3247.0	1.9294602826107223e-71	4.6307046782657337e-69
eng	new-american-standard-bible	easyenglish-bible	3225.0	1.533306132017965e-71	3.679934716843116e-69
eng	new-american-standard-bible	first-nations-version	36.0	9.177664858885944e-87	2.2026395661326264e-84
eng	new-american-standard-bible	good-news	10521.0	2.361136673737936e-42	5.666728016971047e-40
eng	new-american-standard-bible	jb-phillips-new-testament	11356.0	1.6347461530555867e-39	3.923390767333408e-37
eng	new-american-standard-bible	new-living-translation	8548.0	1.7946139936576903e-49	4.3070735847784567e-47
eng	new-american-standard-bible	orthodox-jewish-bible	247.0	1.0382880893369447e-85	2.4918914144086674e-83
eng	new-american-standard-bible	the-message-bible	3154.0	7.295205512380012e-72	1.750849322971203e-69
eng	new-revised-standard-version	bible-in-basic-english	19874.0	2.1735779156041556e-16	5.2165869974499736e-14
eng	new-revised-standard-version	complete-jewish-bible	6238.0	1.549139220172085e-58	3.717934128413004e-56
eng	new-revised-standard-version	easyenglish-bible	6611.0	5.092038983795611e-57	1.2220893561109466e-54
eng	new-revised-standard-version	first-nations-version	142.0	3.1105919808007788e-86	7.465420753921869e-84
eng	new-revised-standard-version	good-news	17584.0	1.4653159287071177e-21	3.5167582288970824e-19
eng	new-revised-standard-version	jb-phillips-new-testament	18297.0	7.214777456539327e-20	1.7315465895694387e-17
eng	new-revised-standard-version	new-living-translation	15469.0	5.1038879219525926e-27	1.2249331012686222e-24
eng	new-revised-standard-version	orthodox-jewish-bible	657.0	1.1086145343758343e-83	2.6606748825020025e-81
eng	new-revised-standard-version	the-message-bible	6207.0	1.1563948313089424e-58	2.7753475951414616e-56
eng	bible-in-basic-english	complete-jewish-bible	14936.0	1.6940353491112228e-28	4.0656848378669345e-26
eng	bible-in-basic-english	easyenglish-bible	16746.0	1.2072449235991168e-23	2.8973878166378803e-21
eng	bible-in-basic-english	first-nations-version	1030.0	7.389844698953914e-82	1.7735627277489394e-79
eng	bible-in-basic-english	good-news	31785.0	0.11981996521847188	1.0
eng	bible-in-basic-english	jb-phillips-new-testament	31047.0	0.05406377201205467	1.0
eng	bible-in-basic-english	new-living-translation	29838.0	0.010378541520113038	1.0
eng	bible-in-basic-english	orthodox-jewish-bible	2970.0	1.0557603692559094e-72	2.5338248862141825e-70
eng	bible-in-basic-english	the-message-bible	14117.0	7.499978046692193e-31	1.7999947312061263e-28
eng	complete-jewish-bible	easyenglish-bible	36601.0	0.9490036008748913	1.0
eng	complete-jewish-bible	first-nations-version	5477.0	1.0761710530942602e-61	2.5828105274262243e-59
eng	complete-jewish-bible	good-news	51991.0	1.0	1.0
eng	complete-jewish-bible	jb-phillips-new-testament	49609.0	1.0	1.0
eng	complete-jewish-bible	new-living-translation	50438.0	1.0	1.0
eng	complete-jewish-bible	orthodox-jewish-bible	10996.0	1.0033674906302044e-40	2.4080819775124904e-38
eng	complete-jewish-bible	the-message-bible	29584.0	0.006934535211733557	1.0
eng	easyenglish-bible	first-nations-version	5699.0	9.162609419745603e-61	2.1990262607389448e-58
eng	easyenglish-bible	good-news	49924.0	1.0	1.0
eng	easyenglish-bible	jb-phillips-new-testament	47572.0	0.9999999999999996	1.0
eng	easyenglish-bible	new-living-translation	48312.0	1.0	1.0
eng	easyenglish-bible	orthodox-jewish-bible	10505.0	2.078230288358891e-42	4.987752692061338e-40
eng	easyenglish-bible	the-message-bible	27825.0	0.00024388370860755932	0.05853209006581424
eng	first-nations-version	good-news	66485.0	1.0	1.0
eng	first-nations-version	jb-phillips-new-testament	65789.0	1.0	1.0
eng	first-nations-version	new-living-translation	66267.0	1.0	1.0
eng	first-nations-version	orthodox-jewish-bible	42326.0	0.9999996771433735	1.0
eng	first-nations-version	the-message-bible	55577.0	1.0	1.0
eng	good-news	jb-phillips-new-testament	32605.0	0.24282516322475567	1.0
eng	good-news	new-living-translation	31934.0	0.13809585879366715	1.0
eng	good-news	orthodox-jewish-bible	3161.0	7.850102998509603e-72	1.8840247196423048e-69
eng	good-news	the-message-bible	14950.0	1.854826166669578e-28	4.4515828000069877e-26
eng	jb-phillips-new-testament	new-living-translation	33069.0	0.334907686517642	1.0
eng	jb-phillips-new-testament	orthodox-jewish-bible	4418.0	3.125048284836256e-66	7.500115883607015e-64
eng	jb-phillips-new-testament	the-message-bible	16617.0	5.6471436814494214e-24	1.3553144835478611e-21
eng	new-living-translation	orthodox-jewish-bible	3649.0	1.2491362955993034e-69	2.997927109438328e-67
eng	new-living-translation	the-message-bible	16173.0	3.958054895098221e-25	9.49933174823573e-23
eng	orthodox-jewish-bible	the-message-bible	49811.0	1.0	1.0
fra	bovet-bonnet	bible-crampon	29480.0	0.005845395357797129	0.9118816758163522
fra	bovet-bonnet	french-king-james-bible	26617.0	0.000018254456423219716	0.0028476952020222756
fra	bovet-bonnet	louis-segond	32856.0	0.2909086997263145	1.0
fra	bovet-bonnet	nouvelle-edition-de-geneve	31288.0	0.0713252352036802	1.0
fra	bovet-bonnet	ostervald	31748.0	0.11555886446256863	1.0
fra	bovet-bonnet	segond-21	20263.0	1.3787887424005874e-15	2.1509104381449163e-13
fra	bovet-bonnet	bible-des-peuples	17746.0	3.605518125735754e-21	5.624608276147777e-19
fra	bovet-bonnet	bible-du-semeur	19409.0	2.2342283339773004e-17	3.4853962010045884e-15
fra	bovet-bonnet	bible-francais-courant	15702.0	2.194510613227761e-26	3.423436556635307e-24
fra	bovet-bonnet	fra-new-world-translation	19847.0	1.9083927242656084e-16	2.9770926498543494e-14
fra	bovet-bonnet	parole-de-vie	11340.0	1.0887631804275364e-38	1.698470561466957e-36
fra	bovet-bonnet	parole-vivante	9371.0	3.236000711208367e-46	5.048161109485053e-44
fra	bible-crampon	french-king-james-bible	31012.0	0.059889801414149256	1.0
fra	bible-crampon	louis-segond	37116.0	0.9735587951759651	1.0
fra	bible-crampon	nouvelle-edition-de-geneve	35637.0	0.8582680186083071	1.0
fra	bible-crampon	ostervald	36253.0	0.923947649184125	1.0
fra	bible-crampon	segond-21	24337.0	1.6627715092463245e-8	2.593923554424266e-6
fra	bible-crampon	bible-des-peuples	21336.0	1.730934736093762e-13	2.7002581883062687e-11
fra	bible-crampon	bible-du-semeur	23347.0	5.262214311721885e-10	8.20905432628614e-8
fra	bible-crampon	bible-francais-courant	19374.0	1.8770718098353984e-17	2.9282320233432216e-15
fra	bible-crampon	fra-new-world-translation	23805.0	2.7072188477181922e-9	4.22326140244038e-7
fra	bible-crampon	parole-de-vie	14328.0	2.2478090708385466e-29	3.5065821505081326e-27
fra	bible-crampon	parole-vivante	12036.0	4.665899302953601e-37	7.278802912607618e-35
fra	french-king-james-bible	louis-segond	39462.0	0.9996517167125191	1.0
fra	french-king-james-bible	nouvelle-edition-de-geneve	38219.0	0.9961307964795529	1.0
fra	french-king-james-bible	ostervald	38796.0	0.9986547519241862	1.0
fra	french-king-james-bible	segond-21	26546.0	0.000015223714751779477	0.0023748995012775986
fra	french-king-james-bible	bible-des-peuples	23211.0	4.608774369776886e-10	7.189688016851943e-8
fra	french-king-james-bible	bible-du-semeur	25367.0	5.860995532355885e-7	0.00009143153030475181
fra	french-king-james-bible	bible-francais-courant	21134.0	1.0818112506382239e-13	1.6876255509956292e-11
fra	french-king-james-bible	fra-new-world-translation	25897.0	2.6820648475652875e-6	0.00041840211622018485
fra	french-king-james-bible	parole-de-vie	15489.0	6.565359501890978e-26	1.0241960822949926e-23
fra	french-king-james-bible	parole-vivante	12944.0	5.836840356421655e-34	9.105470956017782e-32
fra	louis-segond	nouvelle-edition-de-geneve	32311.0	0.19246325141391285	1.0
fra	louis-segond	ostervald	32832.0	0.2861249409767092	1.0
fra	louis-segond	segond-21	21672.0	7.261811250084534e-13	1.1328425550131873e-10
fra	louis-segond	bible-des-peuples	18853.0	1.3374200062339263e-18	2.086375209724925e-16
fra	louis-segond	bible-du-semeur	20672.0	9.10494446857007e-15	1.420371337096931e-12
fra	louis-segond	bible-francais-courant	17014.0	5.747921621443405e-23	8.966757729451712e-21
fra	louis-segond	fra-new-world-translation	21088.0	5.862584855070057e-14	9.145632373909288e-12
fra	louis-segond	parole-de-vie	12385.0	2.8014221819933514e-35	4.370218603909628e-33
fra	louis-segond	parole-vivante	10350.0	9.925639179189551e-43	1.54839971195357e-40
fra	nouvelle-edition-de-geneve	ostervald	34381.0	0.6328564733961349	1.0
fra	nouvelle-edition-de-geneve	segond-21	22526.0	2.3447529727111377e-11	3.6578146374293747e-9
fra	nouvelle-edition-de-geneve	bible-des-peuples	19625.0	6.486601956462193e-17	1.0119099052081021e-14
fra	nouvelle-edition-de-geneve	bible-du-semeur	21584.0	5.006409892961375e-13	7.809999433019745e-11
fra	nouvelle-edition-de-geneve	bible-francais-courant	17655.0	2.1766289360474596e-21	3.395541140234037e-19
fra	nouvelle-edition-de-geneve	fra-new-world-translation	22000.0	2.8389401578606474e-12	4.4287466462626097e-10
fra	nouvelle-edition-de-geneve	parole-de-vie	12890.0	1.0878889549799783e-33	1.6971067697687662e-31
fra	nouvelle-edition-de-geneve	parole-vivante	10683.0	1.4138609565711758e-41	2.2056230922510342e-39
fra	ostervald	segond-21	21935.0	2.1729943289471985e-12	3.3898711531576297e-10
fra	ostervald	bible-des-peuples	19194.0	7.614032064813181e-18	1.1877890021108562e-15
fra	ostervald	bible-du-semeur	21087.0	5.836803757900102e-14	9.10541386232416e-12
fra	ostervald	bible-francais-courant	17128.0	1.108159509910255e-22	1.7287288354599977e-20
fra	ostervald	fra-new-world-translation	21478.0	3.1876847592479347e-13	4.9727882244267783e-11
fra	ostervald	parole-de-vie	12375.0	2.603284689872727e-35	4.0611241162014546e-33
fra	ostervald	parole-vivante	10276.0	5.472209671355006e-43	8.536647087313809e-41
fra	segond-21	bible-des-peuples	29451.0	0.005570093463246334	0.868934580266428
fra	segond-21	bible-du-semeur	32006.0	0.14757585608149093	1.0
fra	segond-21	bible-francais-courant	27388.0	0.00009111098291669408	0.014213313335004276
fra	segond-21	fra-new-world-translation	32735.0	0.2671810217541612	1.0
fra	segond-21	parole-de-vie	20491.0	2.1441755733616592e-14	3.3449138944441885e-12
fra	segond-21	parole-vivante	17542.0	1.8456376387032924e-21	2.879194716377136e-19
fra	bible-des-peuples	bible-du-semeur	36339.0	0.9308745315017263	1.0
fra	bible-des-peuples	bible-francais-courant	32263.0	0.18489332902699557	1.0
fra	bible-des-peuples	fra-new-world-translation	37034.0	0.9704880691211584	1.0
fra	bible-des-peuples	parole-de-vie	25432.0	1.7920415479680267e-6	0.00027955848148301216
fra	bible-des-peuples	parole-vivante	22246.0	1.136535231738267e-11	1.7729949615116964e-9
fra	bible-du-semeur	bible-francais-courant	29508.0	0.0061225896323186734	0.955123982641713
fra	bible-du-semeur	fra-new-world-translation	34475.0	0.6533192095640838	1.0
fra	bible-du-semeur	parole-de-vie	22759.0	2.6053502611773585e-10	4.064346407436679e-8
fra	bible-du-semeur	parole-vivante	19747.0	1.8162323024215542e-16	2.8333223917776246e-14
fra	bible-francais-courant	fra-new-world-translation	38852.0	0.9984070292469501	1.0
fra	bible-francais-courant	parole-de-vie	26444.0	0.000027122938868822204	0.0042311784635362636
fra	bible-francais-courant	parole-vivante	23120.0	3.294117107086413e-10	5.138822687054805e-8
fra	fra-new-world-translation	parole-de-vie	22037.0	1.5792684460547252e-11	2.4636587758453713e-9
fra	fra-new-world-translation	parole-vivante	19041.0	5.473760652263682e-18	8.539066617531343e-16
fra	parole-de-vie	parole-vivante	28998.0	0.006949590541556152	1.0
ita	italian-riveduta-2020	nuova-riveduta	33873.0	0.5171104961891775	1.0
ita	italian-riveduta-2020	riveduta	33665.0	0.46871149565509485	1.0
ita	italian-riveduta-2020	conferenza-episcopale-italiana	20039.0	4.788367829030299e-16	5.267204611933329e-14
ita	italian-riveduta-2020	nuova-diodati	34074.0	0.5636496047751276	1.0
ita	italian-riveduta-2020	ricciotti	32540.0	0.2311134434834604	1.0
ita	italian-riveduta-2020	tintori	32462.0	0.21748523712377782	1.0
ita	italian-riveduta-2020	interconfessionale-in-lingua-corrente	26144.0	3.936566823468576e-6	0.00043302235058154337
ita	italian-riveduta-2020	la-parola-e-vita	19453.0	2.7795367152506203e-17	3.0574903867756824e-15
ita	italian-riveduta-2020	ita-new-world-translation	32032.0	0.15110388668874541	1.0
ita	italian-riveduta-2020	la-bibbia-della-gioia	22127.0	4.7667581723303565e-12	5.243433989563392e-10
ita	nuova-riveduta	riveduta	33607.0	0.4552671985377163	1.0
ita	nuova-riveduta	conferenza-episcopale-italiana	20075.0	5.681967618081752e-16	6.250164379889928e-14
ita	nuova-riveduta	nuova-diodati	34009.0	0.5486643760921526	1.0
ita	nuova-riveduta	ricciotti	32487.0	0.2218019661880013	1.0
ita	nuova-riveduta	tintori	32430.0	0.21203122588889123	1.0
ita	nuova-riveduta	interconfessionale-in-lingua-corrente	26093.0	3.423752020216845e-6	0.00037661272222385295
ita	nuova-riveduta	la-parola-e-vita	19491.0	3.3547207766948184e-17	3.6901928543643e-15
ita	nuova-riveduta	ita-new-world-translation	32038.0	0.1519259521983362	1.0
ita	nuova-riveduta	la-bibbia-della-gioia	22143.0	5.08641684106231e-12	5.595058525168542e-10
ita	riveduta	conferenza-episcopale-italiana	20342.0	1.994074497723716e-15	2.1934819474960876e-13
ita	riveduta	nuova-diodati	34247.0	0.6030351000974361	1.0
ita	riveduta	ricciotti	32708.0	0.262022903839361	1.0
ita	riveduta	tintori	32603.0	0.2424600767159038	1.0
ita	riveduta	interconfessionale-in-lingua-corrente	26419.0	8.233729399797792e-6	0.0009057102339777572
ita	riveduta	la-parola-e-vita	19785.0	1.4141884094870873e-16	1.555607250435796e-14
ita	riveduta	ita-new-world-translation	32240.0	0.18133257382004675	1.0
ita	riveduta	la-bibbia-della-gioia	22347.0	1.1549506706617236e-11	1.2704457377278959e-9
ita	conferenza-episcopale-italiana	nuova-diodati	47915.0	0.9999999999999999	1.0
ita	conferenza-episcopale-italiana	ricciotti	46412.0	0.9999999999999094	1.0
ita	conferenza-episcopale-italiana	tintori	46265.0	0.9999999999998284	1.0
ita	conferenza-episcopale-italiana	interconfessionale-in-lingua-corrente	40929.0	0.9999841968334192	1.0
ita	conferenza-episcopale-italiana	la-parola-e-vita	33412.0	0.41052748832974245	1.0
ita	conferenza-episcopale-italiana	ita-new-world-translation	46265.0	0.9999999999998284	1.0
ita	conferenza-episcopale-italiana	la-bibbia-della-gioia	35997.0	0.9002025399559221	1.0
ita	nuova-diodati	ricciotti	32238.0	0.1810249853562868	1.0
ita	nuova-diodati	tintori	32154.0	0.16840241024618519	1.0
ita	nuova-diodati	interconfessionale-in-lingua-corrente	25686.0	1.090183367353191e-6	0.00011992017040885102
ita	nuova-diodati	la-parola-e-vita	19099.0	4.708561575884574e-18	5.179417733473031e-16
ita	nuova-diodati	ita-new-world-translation	31721.0	0.11251811828171066	1.0
ita	nuova-diodati	la-bibbia-della-gioia	21757.0	1.0375014097466566e-12	1.1412515507213223e-10
ita	ricciotti	tintori	33691.0	0.47475077998139276	1.0
ita	ricciotti	interconfessionale-in-lingua-corrente	27431.0	0.00010065451812264123	0.011071996993490535
ita	ricciotti	la-parola-e-vita	20595.0	6.409217126607751e-15	7.050138839268526e-13
ita	ricciotti	ita-new-world-translation	33412.0	0.41052748832974245	1.0
ita	ricciotti	la-bibbia-della-gioia	23293.0	4.31817451115286e-10	4.749991962268146e-8
ita	tintori	interconfessionale-in-lingua-corrente	27613.0	0.000152431392170892	0.01676745313879812
ita	tintori	la-parola-e-vita	20785.0	1.5186984752363842e-14	1.6705683227600226e-12
ita	tintori	ita-new-world-translation	33469.0	0.4235120938012489	1.0
ita	tintori	la-bibbia-della-gioia	23458.0	7.876844856087718e-10	8.66452934169649e-8
ita	interconfessionale-in-lingua-corrente	la-parola-e-vita	26133.0	3.820102498242069e-6	0.0004202112748066276
ita	interconfessionale-in-lingua-corrente	ita-new-world-translation	39874.0	0.9998042563668813	1.0
ita	interconfessionale-in-lingua-corrente	la-bibbia-della-gioia	29123.0	0.003169331379874578	0.3486264517862036
ita	la-parola-e-vita	ita-new-world-translation	46839.0	0.9999999999999865	1.0
ita	la-parola-e-vita	la-bibbia-della-gioia	36419.0	0.9368718498642077	1.0
ita	ita-new-world-translation	la-bibbia-della-gioia	23535.0	1.0395144010008309e-9	1.143465841100914e-7
pol	dabrowski-greka	eib-nowe-przymierze-literal	40125.0	0.9998888686791119	1.0
pol	dabrowski-greka	nowa-biblia-gdanska	38643.0	0.997652207053612	1.0
pol	dabrowski-greka	szczepanski	20187.0	0.9999998160216773	1.0
pol	dabrowski-greka	biblia-jakuba-wujka	27619.0	0.00015450319092303027	0.037080765821527265
pol	dabrowski-greka	biblia-krola-jakuba	34656.0	0.6914445367857884	1.0
pol	dabrowski-greka	biblia-poznanska	32793.0	0.2784320126020339	1.0
pol	dabrowski-greka	biblia-tysiaclecia	35404.0	0.8255089357137111	1.0
pol	dabrowski-greka	biblia-warszawska	38351.0	0.9960552661896165	1.0
pol	dabrowski-greka	eib-nowe-przymierze-literary	31927.0	0.13719685687587746	1.0
pol	dabrowski-greka	uwspolczesniona-biblia-gdanska	37049.0	0.9710709313009119	1.0
pol	dabrowski-greka	biblia-warszawsko-praska	31480.0	0.08788105714670796	1.0
pol	dabrowski-greka	nowy-przeklad-dynamiczny	18102.0	2.5280484886594263e-20	6.067316372782623e-18
pol	dabrowski-greka	mariawici	30644.0	0.03274471867330844	1.0
pol	dabrowski-greka	pol-new-world-translation	28876.0	0.0020271566913344645	0.4865176059202715
pol	dabrowski-greka	slowo-zycia	17823.0	5.514213651211714e-21	1.3234112762908114e-18
pol	eib-nowe-przymierze-literal	nowa-biblia-gdanska	32300.0	0.19071194973515593	1.0
pol	eib-nowe-przymierze-literal	szczepanski	16753.0	0.9425771937823633	1.0
pol	eib-nowe-przymierze-literal	biblia-jakuba-wujka	21641.0	6.371985563706937e-13	1.5292765352896648e-10
pol	eib-nowe-przymierze-literal	biblia-krola-jakuba	28241.0	0.0005881578660729579	0.14115788785750988
pol	eib-nowe-przymierze-literal	biblia-poznanska	26699.0	0.000017017022244627557	0.004084085338710614
pol	eib-nowe-przymierze-literal	biblia-tysiaclecia	28922.0	0.0022062944241264208	0.529510661790341
pol	eib-nowe-przymierze-literal	biblia-warszawska	32242.0	0.18164048933292226	1.0
pol	eib-nowe-przymierze-literal	eib-nowe-przymierze-literary	25356.0	4.1416847793205646e-7	0.00009940043470369355
pol	eib-nowe-przymierze-literal	uwspolczesniona-biblia-gdanska	30557.0	0.029199869389436806	1.0
pol	eib-nowe-przymierze-literal	biblia-warszawsko-praska	25390.0	4.5835509121903183e-7	0.00011000522189256764
pol	eib-nowe-przymierze-literal	nowy-przeklad-dynamiczny	13722.0	5.065065867573394e-32	1.2156158082176146e-29
pol	eib-nowe-przymierze-literal	mariawici	24534.0	3.1798520989160243e-8	7.63164503739846e-6
pol	eib-nowe-przymierze-literal	pol-new-world-translation	22637.0	3.61800453958101e-11	8.683210894994424e-9
pol	eib-nowe-przymierze-literal	slowo-zycia	13105.0	6.767007734291927e-34	1.6240818562300624e-31
pol	nowa-biblia-gdanska	szczepanski	17576.0	0.9921868477984668	1.0
pol	nowa-biblia-gdanska	biblia-jakuba-wujka	22977.0	1.3315509447075982e-10	3.195722267298236e-8
pol	nowa-biblia-gdanska	biblia-krola-jakuba	29672.0	0.0079922311038766	1.0
pol	nowa-biblia-gdanska	biblia-poznanska	28110.0	0.00044843296692824463	0.10762391206277871
pol	nowa-biblia-gdanska	biblia-tysiaclecia	30369.0	0.022619625433562204	1.0
pol	nowa-biblia-gdanska	biblia-warszawska	33686.0	0.473588885349488	1.0
pol	nowa-biblia-gdanska	eib-nowe-przymierze-literary	26908.0	0.000028773573767896893	0.006905657704295254
pol	nowa-biblia-gdanska	uwspolczesniona-biblia-gdanska	32012.0	0.14838507845801197	1.0
pol	nowa-biblia-gdanska	biblia-warszawsko-praska	26838.0	0.000024170214330656732	0.0058008514393576155
pol	nowa-biblia-gdanska	nowy-przeklad-dynamiczny	14667.0	2.928607325836043e-29	7.028657582006503e-27
pol	nowa-biblia-gdanska	mariawici	25930.0	2.1791626046767663e-6	0.0005229990251224239
pol	nowa-biblia-gdanska	pol-new-world-translation	24091.0	7.267440951956854e-9	1.744185828469645e-6
pol	nowa-biblia-gdanska	slowo-zycia	14213.0	1.4324104202550994e-30	3.4377850086122387e-28
pol	szczepanski	biblia-jakuba-wujka	7181.0	1.1858660621447287e-16	2.846078549147349e-14
pol	szczepanski	biblia-krola-jakuba	10739.0	2.4749853294915396e-6	0.0005939964790779695
pol	szczepanski	biblia-poznanska	9831.0	1.9593595856670524e-8	4.702463005600926e-6
pol	szczepanski	biblia-tysiaclecia	11026.0	9.612419198384181e-6	0.0023069806076122033
pol	szczepanski	biblia-warszawska	12902.0	0.009205264456082685	1.0
pol	szczepanski	eib-nowe-przymierze-literary	9022.0	1.3000486179974008e-10	3.120116683193762e-8
pol	szczepanski	uwspolczesniona-biblia-gdanska	11926.0	0.00039782761198438733	0.09547862687625296
pol	szczepanski	biblia-warszawsko-praska	9274.0	6.66009107583269e-10	1.5984218581998456e-7
pol	szczepanski	nowy-przeklad-dynamiczny	3800.0	1.075291457920074e-31	2.5806994990081775e-29
pol	szczepanski	mariawici	8781.0	2.564933692269617e-11	6.155840861447081e-9
pol	szczepanski	pol-new-world-translation	7764.0	1.4130363013807274e-14	3.391287123313746e-12
pol	szczepanski	slowo-zycia	3095.0	1.7684540406090244e-35	4.244289697461659e-33
pol	biblia-jakuba-wujka	biblia-krola-jakuba	40787.0	0.999977354485722	1.0
pol	biblia-jakuba-wujka	biblia-poznanska	38888.0	0.9985120531466765	1.0
pol	biblia-jakuba-wujka	biblia-tysiaclecia	41582.0	0.9999972235673008	1.0
pol	biblia-jakuba-wujka	biblia-warszawska	43921.0	0.999999998268971	1.0
pol	biblia-jakuba-wujka	eib-nowe-przymierze-literary	38420.0	0.9965020567137134	1.0
pol	biblia-jakuba-wujka	uwspolczesniona-biblia-gdanska	43160.0	0.9999999767019768	1.0
pol	biblia-jakuba-wujka	biblia-warszawsko-praska	37578.0	0.9862924042832266	1.0
pol	biblia-jakuba-wujka	nowy-przeklad-dynamiczny	23011.0	1.5136523264146673e-10	3.632765583395202e-8
pol	biblia-jakuba-wujka	mariawici	36769.0	0.9584816576942723	1.0
pol	biblia-jakuba-wujka	pol-new-world-translation	35144.0	0.7837146994638697	1.0
pol	biblia-jakuba-wujka	slowo-zycia	23155.0	2.5938424030201523e-10	6.225221767248365e-8
pol	biblia-krola-jakuba	biblia-poznanska	32005.0	0.1474412736408967	1.0
pol	biblia-krola-jakuba	biblia-tysiaclecia	34527.0	0.6644541817367385	1.0
pol	biblia-krola-jakuba	biblia-warszawska	37526.0	0.9851924985068421	1.0
pol	biblia-krola-jakuba	eib-nowe-przymierze-literary	31075.0	0.05588105556377636	1.0
pol	biblia-krola-jakuba	uwspolczesniona-biblia-gdanska	36311.0	0.9286747647963198	1.0
pol	biblia-krola-jakuba	biblia-warszawsko-praska	30837.0	0.04188254097070612	1.0
pol	biblia-krola-jakuba	nowy-przeklad-dynamiczny	17627.0	1.8625137001158397e-21	4.470032880278015e-19
pol	biblia-krola-jakuba	mariawici	29911.0	0.01161098260039966	1.0
pol	biblia-krola-jakuba	pol-new-world-translation	28023.0	0.0003733787107644605	0.08961089058347052
pol	biblia-krola-jakuba	slowo-zycia	17170.0	1.4097951613015216e-22	3.3835083871236517e-20
pol	biblia-poznanska	biblia-tysiaclecia	36299.0	0.9277157182663259	1.0
pol	biblia-poznanska	biblia-warszawska	39025.0	0.9988565000352803	1.0
pol	biblia-poznanska	eib-nowe-przymierze-literary	33083.0	0.33788968378848594	1.0
pol	biblia-poznanska	uwspolczesniona-biblia-gdanska	37924.0	0.9919693365509032	1.0
pol	biblia-poznanska	biblia-warszawsko-praska	32429.0	0.21186208693358477	1.0
pol	biblia-poznanska	nowy-przeklad-dynamiczny	19038.0	3.4527785392702323e-18	8.286668494248557e-16
pol	biblia-poznanska	mariawici	31722.0	0.11262970937859329	1.0
pol	biblia-poznanska	pol-new-world-translation	29937.0	0.01207964721349502	1.0
pol	biblia-poznanska	slowo-zycia	18936.0	2.0496761141540822e-18	4.919222673969797e-16
pol	biblia-tysiaclecia	biblia-warszawska	36910.0	0.9652868329522453	1.0
pol	biblia-tysiaclecia	eib-nowe-przymierze-literary	30299.0	0.020512221860540185	1.0
pol	biblia-tysiaclecia	uwspolczesniona-biblia-gdanska	35543.0	0.8455900553143822	1.0
pol	biblia-tysiaclecia	biblia-warszawsko-praska	30050.0	0.014311977432484711	1.0
pol	biblia-tysiaclecia	nowy-przeklad-dynamiczny	16976.0	4.6137835880150035e-23	1.1073080611236008e-20
pol	biblia-tysiaclecia	mariawici	29128.0	0.0031974993120957524	0.7673998349029806
pol	biblia-tysiaclecia	pol-new-world-translation	27220.0	0.00006138416800043838	0.014732200320105212
pol	biblia-tysiaclecia	slowo-zycia	16446.0	2.0448969074946637e-24	4.907752577987193e-22
pol	biblia-warszawska	eib-nowe-przymierze-literary	27468.0	0.00010961035718162541	0.0263064857235901
pol	biblia-warszawska	uwspolczesniona-biblia-gdanska	32224.0	0.1788810293600429	1.0
pol	biblia-warszawska	biblia-warszawsko-praska	27252.0	0.00006622645844322372	0.015894350026373693
pol	biblia-warszawska	nowy-przeklad-dynamiczny	15484.0	5.6094491340979186e-27	1.3462677921835004e-24
pol	biblia-warszawska	mariawici	26479.0	9.640356141416162e-6	0.002313685473939879
pol	biblia-warszawska	pol-new-world-translation	24663.0	4.8279805404026014e-8	0.000011587153296966244
pol	biblia-warszawska	slowo-zycia	15190.0	8.688149932915306e-28	2.0851559838996732e-25
pol	eib-nowe-przymierze-literary	uwspolczesniona-biblia-gdanska	39160.0	0.9991229486882272	1.0
pol	eib-nowe-przymierze-literary	biblia-warszawsko-praska	33263.0	0.37707904502879475	1.0
pol	eib-nowe-przymierze-literary	nowy-przeklad-dynamiczny	18950.0	2.2022226761339643e-18	5.285334422721514e-16
pol	eib-nowe-przymierze-literary	mariawici	32398.0	0.20665804491798184	1.0
pol	eib-nowe-przymierze-literary	pol-new-world-translation	30532.0	0.028242295825932524	1.0
pol	eib-nowe-przymierze-literary	slowo-zycia	18569.0	3.049364591781153e-19	7.318475020274768e-17
pol	uwspolczesniona-biblia-gdanska	biblia-warszawsko-praska	28386.0	0.0007890531210713364	0.18937274905712073
pol	uwspolczesniona-biblia-gdanska	nowy-przeklad-dynamiczny	15744.0	2.848866293934746e-26	6.837279105443391e-24
pol	uwspolczesniona-biblia-gdanska	mariawici	27421.0	0.00009835475610191208	0.023605141464458898
pol	uwspolczesniona-biblia-gdanska	pol-new-world-translation	25490.0	6.162111490963225e-7	0.0001478906757831174
pol	uwspolczesniona-biblia-gdanska	slowo-zycia	15190.0	8.688149932915306e-28	2.0851559838996732e-25
pol	biblia-warszawsko-praska	nowy-przeklad-dynamiczny	20253.0	1.3156756670276408e-15	3.157621600866338e-13
pol	biblia-warszawsko-praska	mariawici	33003.0	0.3209920874141722	1.0
pol	biblia-warszawsko-praska	pol-new-world-translation	31189.0	0.0637819079315796	1.0
pol	biblia-warszawsko-praska	slowo-zycia	20218.0	1.1163822329740815e-15	2.679317359137796e-13
pol	nowy-przeklad-dynamiczny	mariawici	46841.0	0.9999999999999866	1.0
pol	nowy-przeklad-dynamiczny	pol-new-world-translation	45514.0	0.9999999999959817	1.0
pol	nowy-przeklad-dynamiczny	slowo-zycia	34978.0	0.7542434637934646	1.0
pol	mariawici	pol-new-world-translation	31986.0	0.14489983156180436	1.0
pol	mariawici	slowo-zycia	20701.0	1.0386710429154987e-14	2.492810502997197e-12
pol	pol-new-world-translation	slowo-zycia	21886.0	1.774733889498508e-12	4.259361334796419e-10
spa	hb-pratt	la-biblia-de-las-americas	34669.0	0.6941110784414531	1.0
spa	hb-pratt	nueva-biblia-de-las-americas	35163.0	0.7869522833452783	1.0
spa	hb-pratt	biblia-del-jubileo	32326.0	0.1948671757003005	1.0
spa	hb-pratt	reina-valera-revisada	34286.0	0.6117855183797462	1.0
spa	hb-pratt	biblia-de-america	28514.0	0.0010170482189870694	0.24409157255689665
spa	hb-pratt	dios-habla-hoy	28153.0	0.0004904853658726016	0.11771648780942437
spa	hb-pratt	la-palabra	24255.0	1.2646883889382531e-8	3.0352521334518077e-6
spa	hb-pratt	nueva-traduccion-viviente	24514.0	2.9790321730599455e-8	7.1496772153438695e-6
spa	hb-pratt	nueva-version-internacional	30710.0	0.035664485427685334	1.0
spa	hb-pratt	junemann-bible	32047.0	0.17110420018414735	1.0
spa	hb-pratt	la-biblia-latinoamericana	28653.0	0.0013319597661592643	0.3196703438782234
spa	hb-pratt	lenguaje-actual	8339.0	5.09904394565273e-15	1.2237705469566552e-12
spa	hb-pratt	palabra-de-dios-para-todos	24627.0	4.299266028539115e-8	0.000010318238468493877
spa	hb-pratt	peshitta-espanol	33135.0	0.3490537377463686	1.0
spa	hb-pratt	spa-new-world-translation	36411.0	0.9362909908591677	1.0
spa	la-biblia-de-las-americas	nueva-biblia-de-las-americas	34250.0	0.6037101159557278	1.0
spa	la-biblia-de-las-americas	biblia-del-jubileo	31393.0	0.08005491756315841	1.0
spa	la-biblia-de-las-americas	reina-valera-revisada	33447.0	0.41848982620501346	1.0
spa	la-biblia-de-las-americas	biblia-de-america	27728.0	0.00019704835621752172	0.047291605492205215
spa	la-biblia-de-las-americas	dios-habla-hoy	27240.0	0.00006436988285833947	0.015448771886001474
spa	la-biblia-de-las-americas	la-palabra	23481.0	8.559117520797093e-10	2.0541882049913023e-7
spa	la-biblia-de-las-americas	nueva-traduccion-viviente	23693.0	1.825428436179954e-9	4.38102824683189e-7
spa	la-biblia-de-las-americas	nueva-version-internacional	29784.0	0.00954178653616444	1.0
spa	la-biblia-de-las-americas	junemann-bible	31263.0	0.07945247393320293	1.0
spa	la-biblia-de-las-americas	la-biblia-latinoamericana	27824.0	0.00024335190361477108	0.05840445686754506
spa	la-biblia-de-las-americas	lenguaje-actual	8047.0	5.187111708236187e-16	1.2449068099766849e-13
spa	la-biblia-de-las-americas	palabra-de-dios-para-todos	23828.0	2.9339183608363076e-9	7.041404066007139e-7
spa	la-biblia-de-las-americas	peshitta-espanol	32340.0	0.1971272341448888	1.0
spa	la-biblia-de-las-americas	spa-new-world-translation	35322.0	0.8129181284617356	1.0
spa	nueva-biblia-de-las-americas	biblia-del-jubileo	30909.0	0.04578065088963005	1.0
spa	nueva-biblia-de-las-americas	reina-valera-revisada	32983.0	0.31682327111396835	1.0
spa	nueva-biblia-de-las-americas	biblia-de-america	27140.0	0.00005069771140891743	0.012167450738140184
spa	nueva-biblia-de-las-americas	dios-habla-hoy	26706.0	0.00001732301743433986	0.0041575241842415666
spa	nueva-biblia-de-las-americas	la-palabra	22980.0	1.3467172701705577e-10	3.232121448409338e-8
spa	nueva-biblia-de-las-americas	nueva-traduccion-viviente	23153.0	2.574632658133669e-10	6.179118379520805e-8
spa	nueva-biblia-de-las-americas	nueva-version-internacional	29319.0	0.004457189972720872	1.0
spa	nueva-biblia-de-las-americas	junemann-bible	30784.0	0.045593385629404855	1.0
spa	nueva-biblia-de-las-americas	la-biblia-latinoamericana	27315.0	0.00007682998747541882	0.01843919699410052
spa	nueva-biblia-de-las-americas	lenguaje-actual	7812.0	7.776071791687424e-17	1.8662572300049815e-14
spa	nueva-biblia-de-las-americas	palabra-de-dios-para-todos	23303.0	4.4795411863579914e-10	1.075089884725918e-7
spa	nueva-biblia-de-las-americas	peshitta-espanol	31824.0	0.12443005320803108	1.0
spa	nueva-biblia-de-las-americas	spa-new-world-translation	34842.0	0.7285785010258027	1.0
spa	biblia-del-jubileo	reina-valera-revisada	35778.0	0.8759289119228559	1.0
spa	biblia-del-jubileo	biblia-de-america	30058.0	0.014482689236462879	1.0
spa	biblia-del-jubileo	dios-habla-hoy	29549.0	0.006549493585401093	1.0
spa	biblia-del-jubileo	la-palabra	25634.0	9.382081152342353e-7	0.00022516994765621646
spa	biblia-del-jubileo	nueva-traduccion-viviente	25850.0	1.740223282534027e-6	0.0004176535878081665
spa	biblia-del-jubileo	nueva-version-internacional	32231.0	0.17995100226685273	1.0
spa	biblia-del-jubileo	junemann-bible	33462.0	0.45165922539026254	1.0
spa	biblia-del-jubileo	la-biblia-latinoamericana	30146.0	0.016479155600304423	1.0
spa	biblia-del-jubileo	lenguaje-actual	8877.0	2.785746179408111e-13	6.685790830579466e-11
spa	biblia-del-jubileo	palabra-de-dios-para-todos	26111.0	3.5969812920346393e-6	0.0008632755100883134
spa	biblia-del-jubileo	peshitta-espanol	34633.0	0.6867020536023416	1.0
spa	biblia-del-jubileo	spa-new-world-translation	38009.0	0.9929974876465326	1.0
spa	reina-valera-revisada	biblia-de-america	28138.0	0.0004754178609438724	0.11410028662652938
spa	reina-valera-revisada	dios-habla-hoy	27718.0	0.0001927306065639095	0.04625534557533828
spa	reina-valera-revisada	la-palabra	23987.0	5.090931656023254e-9	1.221823597445581e-6
spa	reina-valera-revisada	nueva-traduccion-viviente	24178.0	9.761133784303949e-9	2.3426721082329477e-6
spa	reina-valera-revisada	nueva-version-internacional	30284.0	0.020082957953473462	1.0
spa	reina-valera-revisada	junemann-bible	31584.0	0.11107125928201667	1.0
spa	reina-valera-revisada	la-biblia-latinoamericana	28227.0	0.0005715030893219074	0.1371607414372578
spa	reina-valera-revisada	lenguaje-actual	8308.0	4.015776500894455e-15	9.637863602146692e-13
spa	reina-valera-revisada	palabra-de-dios-para-todos	24317.0	1.555729989738501e-8	3.7337519753724024e-6
spa	reina-valera-revisada	peshitta-espanol	32613.0	0.2442884796276097	1.0
spa	reina-valera-revisada	spa-new-world-translation	35688.0	0.8648429666400504	1.0
spa	biblia-de-america	dios-habla-hoy	33239.0	0.3717694964658985	1.0
spa	biblia-de-america	la-palabra	29112.0	0.0031081465500818447	0.7459551720196427
spa	biblia-de-america	nueva-traduccion-viviente	29420.0	0.005288597973978608	1.0
spa	biblia-de-america	nueva-version-internacional	36081.0	0.9085268987309025	1.0
spa	biblia-de-america	junemann-bible	37027.0	0.9753205902876865	1.0
spa	biblia-de-america	la-biblia-latinoamericana	33886.0	0.52013446480607	1.0
spa	biblia-de-america	lenguaje-actual	10211.0	1.753883471325225e-9	4.2093203311805396e-7
spa	biblia-de-america	palabra-de-dios-para-todos	29693.0	0.008264687158395113	1.0
spa	biblia-de-america	peshitta-espanol	38407.0	0.9964215253771058	1.0
spa	biblia-de-america	spa-new-world-translation	41800.0	0.9999984938958728	1.0
spa	dios-habla-hoy	la-palabra	29608.0	0.007209985743800813	1.0
spa	dios-habla-hoy	nueva-traduccion-viviente	29997.0	0.013224195407167183	1.0
spa	dios-habla-hoy	nueva-version-internacional	36574.0	0.9473310146863458	1.0
spa	dios-habla-hoy	junemann-bible	37533.0	0.9881417561600722	1.0
spa	dios-habla-hoy	la-biblia-latinoamericana	34439.0	0.6455313261963656	1.0
spa	dios-habla-hoy	lenguaje-actual	10478.0	8.271523454628376e-9	1.9851656291108103e-6
spa	dios-habla-hoy	palabra-de-dios-para-todos	30225.0	0.018467693655286905	1.0
spa	dios-habla-hoy	peshitta-espanol	38971.0	0.9987305451488747	1.0
spa	dios-habla-hoy	spa-new-world-translation	42263.0	0.9999996098759308	1.0
spa	la-palabra	nueva-traduccion-viviente	34189.0	0.5899264235372935	1.0
spa	la-palabra	nueva-version-internacional	40698.0	0.9999717216801532	1.0
spa	la-palabra	junemann-bible	41261.0	0.9999955861679052	1.0
spa	la-palabra	la-biblia-latinoamericana	38637.0	0.9976264004789801	1.0
spa	la-palabra	lenguaje-actual	12325.0	0.00006194295445065428	0.014866309068157026
spa	la-palabra	palabra-de-dios-para-todos	34604.0	0.6806781866459398	1.0
spa	la-palabra	peshitta-espanol	42773.0	0.9999999188093183	1.0
spa	la-palabra	spa-new-world-translation	46182.0	0.9999999999997545	1.0
spa	nueva-traduccion-viviente	nueva-version-internacional	40516.0	0.9999558172394293	1.0
spa	nueva-traduccion-viviente	junemann-bible	40943.0	0.9999896823616549	1.0
spa	nueva-traduccion-viviente	la-biblia-latinoamericana	38293.0	0.9956408673039092	1.0
spa	nueva-traduccion-viviente	lenguaje-actual	11989.0	0.00001543668646663826	0.003704804751993182
spa	nueva-traduccion-viviente	palabra-de-dios-para-todos	34183.0	0.5885643288995257	1.0
spa	nueva-traduccion-viviente	peshitta-espanol	42544.0	0.9999998339605484	1.0
spa	nueva-traduccion-viviente	spa-new-world-translation	45910.0	0.99999999999922	1.0
spa	nueva-version-internacional	junemann-bible	34878.0	0.7603582321374176	1.0
spa	nueva-version-internacional	la-biblia-latinoamericana	31642.0	0.10395051973380992	1.0
spa	nueva-version-internacional	lenguaje-actual	9214.0	2.9721224248143863e-12	7.133093819554527e-10
spa	nueva-version-internacional	palabra-de-dios-para-todos	27363.0	0.00008596047651388287	0.020630514363331888
spa	nueva-version-internacional	peshitta-espanol	36189.0	0.9184587766877149	1.0
spa	nueva-version-internacional	spa-new-world-translation	39621.0	0.99966069438066	1.0
spa	junemann-bible	la-biblia-latinoamericana	30403.0	0.027924780835960207	1.0
spa	junemann-bible	lenguaje-actual	9159.0	2.677387945090199e-12	6.425731068216477e-10
spa	junemann-bible	palabra-de-dios-para-todos	26537.0	0.00001487560247997106	0.0035701445951930545
spa	junemann-bible	peshitta-espanol	34635.0	0.7140322469306608	1.0
spa	junemann-bible	spa-new-world-translation	37757.0	0.9916402957879672	1.0
spa	la-biblia-latinoamericana	lenguaje-actual	10138.0	1.1345174982788726e-9	2.7228419958692944e-7
spa	la-biblia-latinoamericana	palabra-de-dios-para-todos	29571.0	0.006789246854113335	1.0
spa	la-biblia-latinoamericana	peshitta-espanol	38308.0	0.9957516112453312	1.0
spa	la-biblia-latinoamericana	spa-new-world-translation	41720.0	0.9999981114824812	1.0
spa	lenguaje-actual	palabra-de-dios-para-todos	20700.0	0.9999932780927777	1.0
spa	lenguaje-actual	peshitta-espanol	23917.0	0.9999999999999679	1.0
spa	lenguaje-actual	spa-new-world-translation	25368.0	1.0	1.0
spa	palabra-de-dios-para-todos	peshitta-espanol	42292.0	0.9999996423663414	1.0
spa	palabra-de-dios-para-todos	spa-new-world-translation	45919.0	0.9999999999992489	1.0
spa	peshitta-espanol	spa-new-world-translation	36966.0	0.9677221964890331	1.0
